Team_ID,Abbreviation,Year_Founded,Arena,Arena_Capacity,Owner,General_Manager,Head_Coach,DLeague_Affiliation,Team_Name
1610612737,ATL,1949,State Farm Arena,18729,Tony Ressler,Travis Schlenk,Lloyd Pierce,Erie Bayhawks,Atlanta Hawks
1610612738,BOS,1946,TD Garden,18624,Wyc Grousbeck,Danny Ainge,Brad Stevens,Maine Red Claws,Boston Celtics
1610612740,NOP,2002,Smoothie King Center,0,Tom Benson,Trajan Langdon,Alvin Gentry,No Affiliate,New Orleans Pelicans
1610612741,CHI,1966,United Center,21711,Jerry Reinsdorf,Gar Forman,Jim Boylen,Windy City Bulls,Chicago Bulls
1610612742,DAL,1980,American Airlines Center,19200,Mark Cuban,Donnie Nelson,Rick Carlisle,Texas Legends,Dallas Mavericks
1610612743,DEN,1976,Pepsi Center,19099,Stan Kroenke,Tim Connelly,Michael Malone,No Affiliate,Denver Nuggets
1610612745,HOU,1967,Toyota Center,18104,Tilman Fertitta,Daryl Morey,Mike D'Antoni,Rio Grande Valley Vipers,Houston Rockets
1610612746,LAC,1970,Staples Center,19060,Steve Ballmer,Michael Winger,Doc Rivers,Agua Caliente Clippers of Ontario,Los Angeles Clippers
1610612747,LAL,1948,Staples Center,19060,Jerry Buss Family Trust,Rob Pelinka,Frank Vogel,South Bay Lakers,Los Angeles Lakers
1610612748,MIA,1988,AmericanAirlines Arena,19600,Micky Arison,Pat Riley,Erik Spoelstra,Sioux Falls Skyforce,Miami Heat
1610612749,MIL,1968,Fiserv Forum,17500,Wesley Edens & Marc Lasry,Jon Horst,Mike Budenholzer,Wisconsin Herd,Milwaukee Bucks
1610612750,MIN,1989,Target Center,19356,Glen Taylor,Scott Layden,Ryan Saunders,Iowa Wolves,Minnesota Timberwolves
1610612751,BKN,1976,Barclays Center,0,Joe Tsai,Sean Marks,Kenny Atkinson,Long Island Nets,Brooklyn Nets
1610612752,NYK,1946,Madison Square Garden,19763,Cablevision (James Dolan),Steve Mills,David Fizdale,Westchester Knicks,New York Knicks
1610612753,ORL,1989,Amway Center,0,Rick DeVos,John Hammond,Steve Clifford,Lakeland Magic,Orlando Magic
1610612754,IND,1976,Bankers Life Fieldhouse,18345,Herb Simon,Kevin Pritchard,Nate McMillan,Fort Wayne Mad Ants,Indiana Pacers
1610612755,PHI,1949,Wells Fargo Center,0,Joshua Harris,Elton Brand,Brett Brown,Delaware Blue Coats,Philadelphia 76ers
1610612756,PHX,1968,Talking Stick Resort Arena,0,Robert Sarver,James Jones,Monty Williams,Northern Arizona Suns,Phoenix Suns
1610612757,POR,1970,Moda Center,19980,Paul Allen,Neil Olshey,Terry Stotts,No Affiliate,Portland Trail Blazers
1610612758,SAC,1948,Golden 1 Center,17500,Vivek Ranadive,Vlade Divac,Luke Walton,Stockton Kings,Sacramento Kings
1610612759,SAS,1976,AT&T Center,18694,Peter Holt,Brian Wright,Gregg Popovich,Austin Spurs,San Antonio Spurs
1610612760,OKC,1967,Chesapeake Energy Arena,19163,Clay Bennett,Sam Presti,Billy Donovan,Oklahoma City Blue,Oklahoma City Thunder
1610612761,TOR,1995,Scotiabank Arena,19800,Maple Leaf Sports and Entertainment,Masai Ujiri,Nick Nurse,Raptors 905,Toronto Raptors
1610612762,UTA,1974,Vivint Smart Home Arena,20148,Greg Miller,Dennis Lindsey,Quin Snyder,Salt Lake City Stars,Utah Jazz
1610612763,MEM,1995,FedExForum,18119,Robert Pera,Zach Kleiman,Taylor Jenkins,Memphis Hustle,Memphis Grizzlies
1610612764,WAS,1961,Capital One Arena,20647,Ted Leonsis,Tommy Sheppard,Scott Brooks,Capital City Go-Go,Washington Wizards
1610612765,DET,1948,Little Caesars Arena,21000,Tom Gores,Ed Stefanski,Dwane Casey,Grand Rapids Drive,Detroit Pistons
1610612766,CHA,1988,Spectrum Center,19026,Michael Jordan,Mitch Kupchak,James Borrego,Greensboro Swarm,Charlotte Hornets
1610612739,CLE,1970,Quicken Loans Arena,20562,Dan Gilbert,Koby Altman,John Beilein,Canton Charge,Cleveland Cavaliers
1610612744,GSW,1946,Chase Center,19596,Joe Lacob,Bob Myers,Steve Kerr,Santa Cruz Warriors,Golden State Warriors
